{"cameraMode":{"drawMode":0,"name":"Shaded","section":"Shading Mode"},"sceneLighting":false,"audioPlay":false,"sceneViewState":{"showFog":true,"showMaterialUpdate":false,"showSkybox":true,"showFlares":true,"showImageEffects":true,"showParticleSystems":true},"in2DMode":false,"pivot":{"x":3.908398151397705,"y":4.85499906539917,"z":-10.450385093688965},"rotation":{"x":0.5737502574920654,"y":-0.05884400010108948,"z":0.04138155281543732,"w":0.8158654570579529},"size":9.370198249816895,"orthographic":true}