{"cameraMode":{"drawMode":0,"name":"Shaded","section":"Shading Mode"},"sceneLighting":false,"audioPlay":false,"sceneViewState":{"showFog":true,"showMaterialUpdate":false,"showSkybox":false,"showFlares":true,"showImageEffects":true,"showParticleSystems":true},"in2DMode":false,"pivot":{"x":-15.031725883483887,"y":2.5581459999084474,"z":4.885100364685059},"rotation":{"x":0.8640949726104736,"y":0.0037746159359812738,"z":-0.006480833515524864,"w":0.5032727122306824},"size":4.286825656890869,"orthographic":false}