{"cameraMode":{"drawMode":0,"name":"Shaded","section":"Shading Mode"},"sceneLighting":false,"audioPlay":false,"sceneViewState":{"showFog":true,"showMaterialUpdate":false,"showSkybox":false,"showFlares":true,"showImageEffects":true,"showParticleSystems":true},"in2DMode":false,"pivot":{"x":3.1394829750061037,"y":4.720294952392578,"z":138.7768096923828},"rotation":{"x":0.12297899276018143,"y":-0.6746769547462463,"z":0.11546575278043747,"w":0.7185788154602051},"size":23.824811935424806,"orthographic":true}