{"cameraMode":{"drawMode":0,"name":"Shaded","section":"Shading Mode"},"sceneLighting":false,"audioPlay":false,"sceneViewState":{"showFog":true,"showMaterialUpdate":false,"showSkybox":false,"showFlares":true,"showImageEffects":true,"showParticleSystems":true},"in2DMode":false,"pivot":{"x":-4.849370002746582,"y":4.002780437469482,"z":-2.592284679412842},"rotation":{"x":0.08031511306762696,"y":-0.1208038404583931,"z":0.009806598536670208,"w":0.9893736243247986},"size":1.0333434343338013,"orthographic":true}